director,title
James Cameron,Avatar 
Gore Verbinski,Pirates of the Caribbean: At World's End 
Sam Mendes,Spectre 
Christopher Nolan,The Dark Knight Rises 
Doug Walker,Star Wars: Episode VII - The Force Awakens 
Andrew Stanton,John Carter 
Sam Raimi,Spider-Man 3 
Nathan Greno,Tangled 
Joss Whedon,Avengers: Age of Ultron 
David Yates,Harry Potter and the Half-Blood Prince 
Zack Snyder,Batman v Superman: Dawn of Justice 
Bryan Singer,Superman Returns 
Marc Forster,Quantum of Solace 
Gore Verbinski,Pirates of the Caribbean: Dead Man's Chest 
Gore Verbinski,The Lone Ranger 
Zack Snyder,Man of Steel 
Andrew Adamson,The Chronicles of Narnia: Prince Caspian 
Joss Whedon,The Avengers 
Rob Marshall,Pirates of the Caribbean: On Stranger Tides 
Barry Sonnenfeld,Men in Black 3 
Peter Jackson,The Hobbit: The Battle of the Five Armies 
Marc Webb,The Amazing Spider-Man 
Ridley Scott,Robin Hood 
Peter Jackson,The Hobbit: The Desolation of Smaug 
Chris Weitz,The Golden Compass 
Peter Jackson,King Kong 
James Cameron,Titanic 
Anthony Russo,Captain America: Civil War 
Peter Berg,Battleship 
Colin Trevorrow,Jurassic World 
Sam Mendes,Skyfall 
Sam Raimi,Spider-Man 2 
Shane Black,Iron Man 3 
Tim Burton,Alice in Wonderland 
Brett Ratner,X-Men: The Last Stand 
Dan Scanlon,Monsters University 
Michael Bay,Transformers: Revenge of the Fallen 
Michael Bay,Transformers: Age of Extinction 
Sam Raimi,Oz the Great and Powerful 
Marc Webb,The Amazing Spider-Man 2 
Joseph Kosinski,TRON: Legacy 
John Lasseter,Cars 2 
Martin Campbell,Green Lantern 
Lee Unkrich,Toy Story 3 
McG,Terminator Salvation 
James Wan,Furious 7 
Marc Forster,World War Z 
Bryan Singer,X-Men: Days of Future Past 
J.J. Abrams,Star Trek Into Darkness 
Bryan Singer,Jack the Giant Slayer 
Baz Luhrmann,The Great Gatsby 
Mike Newell,Prince of Persia: The Sands of Time 
Guillermo del Toro,Pacific Rim 
Michael Bay,Transformers: Dark of the Moon 
Steven Spielberg,Indiana Jones and the Kingdom of the Crystal Skull 
Peter Sohn,The Good Dinosaur 
Mark Andrews,Brave 
Justin Lin,Star Trek Beyond 
Andrew Stanton,WALL·E 
Brett Ratner,Rush Hour 3 
Roland Emmerich,2012 
Robert Zemeckis,A Christmas Carol 
Lana Wachowski,Jupiter Ascending 
David Yates,The Legend of Tarzan 
Andrew Adamson,"The Chronicles of Narnia: The Lion, the Witch and the Wardrobe "
Bryan Singer,X-Men: Apocalypse 
Christopher Nolan,The Dark Knight 
Pete Docter,Up 
Rob Letterman,Monsters vs. Aliens 
Jon Favreau,Iron Man 
Martin Scorsese,Hugo 
Barry Sonnenfeld,Wild Wild West 
Rob Cohen,The Mummy: Tomb of the Dragon Emperor 
David Ayer,Suicide Squad 
Tom Shadyac,Evan Almighty 
Doug Liman,Edge of Tomorrow 
Kevin Reynolds,Waterworld 
Stephen Sommers,G.I. Joe: The Rise of Cobra 
Pete Docter,Inside Out 
Jon Favreau,The Jungle Book 
Jon Favreau,Iron Man 2 
Rupert Sanders,Snow White and the Huntsman 
Robert Stromberg,Maleficent 
Matt Reeves,Dawn of the Planet of the Apes 
Roland Joffé,The Lovers 
Carl Rinsch,47 Ronin 
Anthony Russo,Captain America: The Winter Soldier 
Mike Mitchell,Shrek Forever After 
Brad Bird,Tomorrowland 
Don Hall,Big Hero 6 
Rich Moore,Wreck-It Ralph 
Robert Zemeckis,The Polar Express 
Roland Emmerich,Independence Day: Resurgence 
Dean DeBlois,How to Train Your Dragon 
Jonathan Mostow,Terminator 3: Rise of the Machines 
James Gunn,Guardians of the Galaxy 
Christopher Nolan,Interstellar 
Christopher Nolan,Inception 
Hideaki Anno,Godzilla Resurgence 
Peter Jackson,The Hobbit: An Unexpected Journey 
Rob Cohen,The Fast and the Furious 
David Fincher,The Curious Case of Benjamin Button 
Matthew Vaughn,X-Men: First Class 
Francis Lawrence,The Hunger Games: Mockingjay - Part 2 
Jon Turteltaub,The Sorcerer's Apprentice 
Wolfgang Petersen,Poseidon 
James Bobin,Alice Through the Looking Glass 
Chris Miller,Shrek the Third 
Duncan Jones,Warcraft 
Alan Taylor,Terminator Genisys 
Michael Apted,The Chronicles of Narnia: The Voyage of the Dawn Treader 
Michael Bay,Pearl Harbor 
Michael Bay,Transformers 
Oliver Stone,Alexander 
David Yates,Harry Potter and the Order of the Phoenix 
Mike Newell,Harry Potter and the Goblet of Fire 
Peter Berg,Hancock 
Francis Lawrence,I Am Legend 
Tim Burton,Charlie and the Chocolate Factory 
Brad Bird,Ratatouille 
Christopher Nolan,Batman Begins 
Eric Darnell,Madagascar: Escape 2 Africa 
Shawn Levy,Night at the Museum: Battle of the Smithsonian 
Gavin Hood,X-Men Origins: Wolverine 
Lana Wachowski,The Matrix Revolutions 
Chris Buck,Frozen 
Lana Wachowski,The Matrix Reloaded 
Alan Taylor,Thor: The Dark World 
George Miller,Mad Max: Fury Road 
Ron Howard,Angels & Demons 
Kenneth Branagh,Thor 
Byron Howard,Bolt 
Hoyt Yeatman,G-Force 
Jonathan Liebesman,Wrath of the Titans 
Tim Burton,Dark Shadows 
Christopher McQuarrie,Mission: Impossible - Rogue Nation 
Joe Johnston,The Wolfman 
David Yates,The Legend of Tarzan 
Steve Hickner,Bee Movie 
Jennifer Yuh Nelson,Kung Fu Panda 2 
M. Night Shyamalan,The Last Airbender 
J.J. Abrams,Mission: Impossible III 
Roland Emmerich,White House Down 
Simon Wells,Mars Needs Moms 
David Bowers,Flushed Away 
Joe Wright,Pan 
Rob Minkoff,Mr. Peabody & Sherman 
Wolfgang Petersen,Troy 
Eric Darnell,Madagascar 3: Europe's Most Wanted 
Lee Tamahori,Die Another Day 
Paul Feig,Ghostbusters 
Michael Bay,Armageddon 
Barry Sonnenfeld,Men in Black II 
Robert Zemeckis,Beowulf 
Alessandro Carloni,Kung Fu Panda 3 
Brad Bird,Mission: Impossible - Ghost Protocol 
Peter Ramsey,Rise of the Guardians 
Dean Parisot,Fun with Dick and Jane 
Edward Zwick,The Last Samurai 
Ridley Scott,Exodus: Gods and Kings 
J.J. Abrams,Star Trek 
Sam Raimi,Spider-Man 
Dean DeBlois,How to Train Your Dragon 2 
Alex Proyas,Gods of Egypt 
Rob Cohen,Stealth 
Zack Snyder,Watchmen 
Richard Donner,Lethal Weapon 4 
Ang Lee,Hulk 
Jon M. Chu,G.I. Joe: Retaliation 
Breck Eisner,Sahara 
Hironobu Sakaguchi,Final Fantasy: The Spirits Within 
Joe Johnston,Captain America: The First Avenger 
Michael Apted,The World Is Not Enough 
Peter Weir,Master and Commander: The Far Side of the World 
Bill Condon,The Twilight Saga: Breaking Dawn - Part 2 
George Miller,Happy Feet 2 
Louis Leterrier,The Incredible Hulk 
,Miami Vice 
Steven Spielberg,The BFG 
Alejandro G. Iñárritu,The Revenant 
David Soren,Turbo 
Gore Verbinski,Rango 
Eric Darnell,Penguins of Madagascar 
Paul Greengrass,The Bourne Ultimatum 
Mark Osborne,Kung Fu Panda 
Peyton Reed,Ant-Man 
Francis Lawrence,The Hunger Games: Catching Fire 
Bill Condon,The Twilight Saga: Breaking Dawn - Part 2 
Tim Johnson,Home 
Steven Spielberg,War of the Worlds 
Michael Bay,Bad Boys II 
Chris Miller,Puss in Boots 
Phillip Noyce,Salt 
Darren Aronofsky,Noah 
Steven Spielberg,The Adventures of Tintin 
Alfonso Cuarón,Harry Potter and the Prisoner of Azkaban 
Baz Luhrmann,Australia 
M. Night Shyamalan,After Earth 
Eric Leighton,Dinosaur 
Matt Birch,Harry Potter and the Deathly Hallows: Part II 
Shawn Levy,Night at the Museum: Secret of the Tomb 
Tom McGrath,Megamind 
Chris Columbus,Harry Potter and the Sorcerer's Stone 
Robert Schwentke,R.I.P.D. 
Hideaki Anno,Godzilla Resurgence 
Gore Verbinski,Pirates of the Caribbean: The Curse of the Black Pearl 
Matt Birch,Harry Potter and the Deathly Hallows: Part I 
Francis Lawrence,The Hunger Games: Mockingjay - Part 1 
Ron Howard,The Da Vinci Code 
Carlos Saldanha,Rio 2 
Bryan Singer,X-Men 2 
Justin Lin,Fast Five 
Guy Ritchie,Sherlock Holmes: A Game of Shadows 
Louis Leterrier,Clash of the Titans 
Paul Verhoeven,Total Recall 
John McTiernan,The 13th Warrior 
Tony Gilroy,The Bourne Legacy 
Joel Schumacher,Batman & Robin 
Ron Howard,How the Grinch Stole Christmas 
Roland Emmerich,The Day After Tomorrow 
John Woo,Mission: Impossible II 
Wolfgang Petersen,The Perfect Storm 
Tim Story,Fantastic 4: Rise of the Silver Surfer 
Ang Lee,Life of Pi 
Mark Steven Johnson,Ghost Rider 
Paul Greengrass,Jason Bourne 
McG,Charlie's Angels: Full Throttle 
Ridley Scott,Prometheus 
Rob Minkoff,Stuart Little 2 
Neill Blomkamp,Elysium 
David Twohy,The Chronicles of Riddick 
José Padilha,RoboCop 
Lana Wachowski,Speed Racer 
James L. Brooks,How Do You Know 
James Mangold,Knight and Day 
Joseph Kosinski,Oblivion 
George Lucas,Star Wars: Episode III - Revenge of the Sith 
George Lucas,Star Wars: Episode II - Attack of the Clones 
Pete Docter,"Monsters, Inc. "
James Mangold,The Wolverine 
George Lucas,Star Wars: Episode I - The Phantom Menace 
Kirk De Micco,The Croods 
Frédéric Forestier,Asterix at the Olympic Games 
John Woo,Windtalkers 
Cedric Nicolas-Troyan,The Huntsman: Winter's War 
Jonathan Liebesman,Teenage Mutant Ninja Turtles 
Alfonso Cuarón,Gravity 
Roger Donaldson,Dante's Peak 
Dave Green,Teenage Mutant Ninja Turtles: Out of the Shadows 
Josh Trank,Fantastic Four 
Shawn Levy,Night at the Museum 
Brad Peyton,San Andreas 
Roger Spottiswoode,Tomorrow Never Dies 
Roland Emmerich,The Patriot 
Steven Soderbergh,Ocean's Twelve 
Doug Liman,Mr. & Mrs. Smith 
Robert Schwentke,Insurgent 
Martin Scorsese,The Aviator 
Rob Letterman,Gulliver's Travels 
Michel Gondry,The Green Hornet 
,The A-Team 
Noam Murro,300: Rise of an Empire 
Raja Gosnell,The Smurfs 
Will Finn,Home on the Range 
Robert Schwentke,Allegiant 
Shawn Levy,Real Steel 
Raja Gosnell,The Smurfs 2 
Jan de Bont,Speed 2: Cruise Control 
Gavin Hood,Ender's Game 
Len Wiseman,Live Free or Die Hard 
Peter Jackson,The Lord of the Rings: The Fellowship of the Ring 
Frank Coraci,Around the World in 80 Days 
Michael Mann,Ali 
Bo Welch,The Cat in the Hat 
Alex Proyas,"I, Robot "
Ridley Scott,Kingdom of Heaven 
Rob Minkoff,Stuart Little 
Ron Clements,The Princess and the Frog 
Ridley Scott,The Martian 
Christopher Barnard,"10,000 B.C.             "
Michael Bay,The Island 
Peter Chelsom,Town & Country 
Dominic Sena,Gone in Sixty Seconds 
Ridley Scott,Gladiator 
Steven Spielberg,Minority Report 
Chris Columbus,Harry Potter and the Chamber of Secrets 
Martin Campbell,Casino Royale 
Tim Burton,Planet of the Apes 
James Cameron,Terminator 2: Judgment Day 
Michael Mann,Public Enemies 
Ridley Scott,American Gangster 
James Cameron,True Lies 
Tony Scott,The Taking of Pelham 1 2 3 
Paul Weitz,Little Fockers 
Adam McKay,The Other Guys 
Chuck Russell,Eraser 
Quentin Tarantino,Django Unchained 
Gary Trousdale,The Hunchback of Notre Dame 
Mark Dindal,The Emperor's New Groove 
Simon West,The Expendables 2 
Jon Turteltaub,National Treasure 
Stefen Fangmeier,Eragon 
Spike Jonze,Where the Wild Things Are 
Joe Wright,Pan 
Chris Wedge,Epic 
Florian Henckel von Donnersmarck,The Tourist 
Peter Hyams,End of Days 
Edward Zwick,Blood Diamond 
Martin Scorsese,The Wolf of Wall Street 
Joel Schumacher,Batman Forever 
Paul Verhoeven,Starship Troopers 
Tom Tykwer,Cloud Atlas 
Zack Snyder,Legend of the Guardians: The Owls of Ga'Hoole 
Pitof,Catwoman 
Brett Ratner,Hercules 
Ron Clements,Treasure Planet 
Brad Silberling,Land of the Lost 
Patrick Hughes,The Expendables 3 
Ericson Core,Point Break 
Lawrence Guterman,Son of the Mask 
Ron Howard,In the Heart of the Sea 
Ron Underwood,The Adventures of Pluto Nash 
Paul Greengrass,Green Zone 
Steve Martino,The Peanuts Movie 
David Mamet,The Spanish Prisoner 
Stephen Sommers,The Mummy Returns 
Martin Scorsese,Gangs of New York 
Yimou Zhang,The Flowers of War 
Ash Brannon,Surf's Up 
Frank Oz,The Stepford Wives 
Ridley Scott,Black Hawk Down 
Jay Roach,The Campaign 
Luc Besson,The Fifth Element 
Michael Patrick King,Sex and the City 2 
Bibo Bergeron,The Road to El Dorado 
Steve Martino,Ice Age: Continental Drift 
Kenneth Branagh,Cinderella 
Peter Jackson,The Lovely Bones 
Andrew Stanton,Finding Nemo 
Peter Jackson,The Lord of the Rings: The Return of the King 
Peter Jackson,The Lord of the Rings: The Two Towers 
Sergey Bodrov,Seventh Son 
Simon West,Lara Croft: Tomb Raider 
Wally Pfister,Transcendence 
Joe Johnston,Jurassic Park III 
Rupert Wyatt,Rise of the Planet of the Apes 
Mark Waters,The Spiderwick Chronicles 
John Moore,A Good Day to Die Hard 
John Lee Hancock,The Alamo 
Brad Bird,The Incredibles 
Renny Harlin,Cutthroat Island 
Chris Columbus,Percy Jackson & the Olympians: The Lightning Thief 
Barry Sonnenfeld,Men in Black 
John Lasseter,Toy Story 2 
Tony Scott,Unstoppable 
Brett Ratner,Rush Hour 2 
Robert Zemeckis,What Lies Beneath 
Phil Lord,Cloudy with a Chance of Meatballs 
Carlos Saldanha,Ice Age: Dawn of the Dinosaurs 
Ben Stiller,The Secret Life of Walter Mitty 
McG,Charlie's Angels 
Martin Scorsese,The Departed 
Tony Bancroft,Mulan 
Ben Stiller,Tropic Thunder 
David Fincher,The Girl with the Dragon Tattoo 
John McTiernan,Die Hard with a Vengeance 
Guy Ritchie,Sherlock Holmes 
Timur Bekmambetov,Ben-Hur 
Gary Trousdale,Atlantis: The Lost Empire 
Walt Becker,Alvin and the Chipmunks: The Road Chip 
Bryan Singer,Valkyrie 
Dennis Dugan,You Don't Mess with the Zohan 
Chris Columbus,Pixels 
Steven Spielberg,A.I. Artificial Intelligence 
Rob Minkoff,The Haunted Mansion 
Robert Zemeckis,Contact 
Paul Verhoeven,Hollow Man 
Sydney Pollack,The Interpreter 
Thor Freudenthal,Percy Jackson: Sea of Monsters 
Jan de Bont,Lara Croft Tomb Raider: The Cradle of Life 
Jon M. Chu,Now You See Me 2 
Phillip Noyce,The Saint 
Tony Scott,Spy Game 
Brian De Palma,Mission to Mars 
Carlos Saldanha,Rio 
Chris Columbus,Bicentennial Man 
Mick Jackson,Volcano 
Alan J. Pakula,The Devil's Own 
Kathryn Bigelow,K-19: The Widowmaker 
Josh Trank,Fantastic Four 
John Milius,Conan the Barbarian 
Ron Howard,Cinderella Man 
Andrey Konchalovskiy,The Nutcracker in 3D 
Gary Ross,Seabiscuit 
Jan de Bont,Twister 
Rob Cohen,The Fast and the Furious 
Robert Zemeckis,Cast Away 
George Miller,Happy Feet 
Paul Greengrass,The Bourne Supremacy 
Wolfgang Petersen,Air Force One 
Steven Soderbergh,Ocean's Eleven 
Paul W.S. Anderson,The Three Musketeers 
Genndy Tartakovsky,Hotel Transylvania 
Kevin Lima,Enchanted 
,Hannibal 
Daniel Espinosa,Safe House 
Kevin Lima,102 Dalmatians 
Brett Ratner,Tower Heist 
Nancy Meyers,The Holiday 
Tony Scott,Enemy of the State 
Nancy Meyers,It's Complicated 
Steven Soderbergh,Ocean's Thirteen 
Roger Allers,Open Season 
Neil Burger,Divergent 
Jean-Jacques Annaud,Enemy at the Gates 
Peter Berg,The Rundown 
John McTiernan,Last Action Hero 
Rob Marshall,Memoirs of a Geisha 
Justin Lin,The Fast and the Furious: Tokyo Drift 
Sarah Smith,Arthur Christmas 
Martin Brest,Meet Joe Black 
Andrew Davis,Collateral Damage 
Bob Fosse,All That Jazz 
Tarsem Singh,Mirror Mirror 
Edgar Wright,Scott Pilgrim vs. the World 
Jon Amiel,The Core 
Peter Segal,Nutty Professor II: The Klumps 
Raja Gosnell,Scooby-Doo 
Pete Travis,Dredd 
Frank Coraci,Click 
George A. Romero,Creepshow 
Brad Peyton,Cats & Dogs: The Revenge of Kitty Galore 
Doug Liman,Jumper 
Guillermo del Toro,Hellboy II: The Golden Army 
David Fincher,Zodiac 
Roger Spottiswoode,The 6th Day 
Tom Shadyac,Bruce Almighty 
Sylvester Stallone,The Expendables 
Brian De Palma,Mission: Impossible 
Gary Ross,The Hunger Games 
Todd Phillips,The Hangover Part II 
Tim Burton,Batman Returns 
Tim Johnson,Over the Hedge 
Dean DeBlois,Lilo & Stitch 
Gary Winick,Charlotte's Web 
Mimi Leder,Deep Impact 
Dean Parisot,RED 2 
Peter Segal,The Longest Yard 
Mike Mitchell,Alvin and the Chipmunks: Chipwrecked 
Dennis Dugan,Grown Ups 2 
Peter Segal,Get Smart 
Nancy Meyers,Something's Gotta Give 
Martin Scorsese,Shutter Island 
Seth Gordon,Four Christmases 
Chris Wedge,Robots 
John Woo,Face/Off 
Adam Shankman,Bedtime Stories 
Sam Mendes,Road to Perdition 
Dennis Dugan,Just Go with It 
,Daredevil 
Simon West,Con Air 
D.J. Caruso,Eagle Eye 
Anthony Minghella,Cold Mountain 
Albert Hughes,The Book of Eli 
Les Mayfield,Flubber 
Jan de Bont,The Haunting 
Joe Pytka,Space Jam 
Shawn Levy,The Pink Panther 
Scott Derrickson,The Day the Earth Stood Still 
Richard Donner,Conspiracy Theory 
David Ayer,Fury 
Ivan Reitman,Six Days Seven Nights 
Eric Brevig,Yogi Bear 
Kelly Asbury,Spirit: Stallion of the Cimarron 
Frank Coraci,Zookeeper 
Stephen Hopkins,Lost in Space 
Jonathan Demme,The Manchurian Candidate 
Henry Jaglom,Déjà Vu 
Genndy Tartakovsky,Hotel Transylvania 2 
James Algar,Fantasia 2000 
Simon Wells,The Time Machine 
Ron Underwood,Mighty Joe Young 
Dominic Sena,Swordfish 
Martin Campbell,The Legend of Zorro 
Vincent Ward,What Dreams May Come 
Steven Brill,Little Nicky 
Terry Gilliam,The Brothers Grimm 
Tim Burton,Mars Attacks! 
Lucile Hadzihalilovic,Evolution 
Lee Tamahori,The Edge 
Jonathan Mostow,Surrogates 
Roger Donaldson,Thirteen Days 
Rob Cohen,Daylight 
Barry Cook,Walking with Dinosaurs 3D 
Roger Christian,Battlefield Earth 
Joe Dante,Looney Tunes: Back in Action 
Rob Marshall,Nine 
Richard Donner,Timeline 
Kevin Costner,The Postman 
George Miller,Babe: Pig in the City 
Breck Eisner,The Last Witch Hunter 
Antony Hoffman,Red Planet 
Luc Besson,Arthur and the Invisibles 
Jacques Perrin,Oceans 
Peter Hyams,A Sound of Thunder 
Paul W.S. Anderson,Pompeii 
Andrés Couturier,Top Cat Begins 
Ron Howard,A Beautiful Mind 
Roger Allers,The Lion King 
Brad Peyton,Journey 2: The Mysterious Island 
Cody Cameron,Cloudy with a Chance of Meatballs 2 
Brett Ratner,Red Dragon 
Joe Johnston,Hidalgo 
Dennis Dugan,Jack and Jill 
John Singleton,2 Fast 2 Furious 
Mark Osborne,The Little Prince 
Oliver Hirschbiegel,The Invasion 
Des McAnuff,The Adventures of Rocky & Bullwinkle 
Yarrow Cheney,The Secret Life of Pets 
Stephen Norrington,The League of Extraordinary Gentlemen 
Pierre Coffin,Despicable Me 2 
Roland Emmerich,Independence Day 
Steven Spielberg,The Lost World: Jurassic Park 
Eric Darnell,Madagascar 
Alfonso Cuarón,Children of Men 
Bryan Singer,X-Men 
Timur Bekmambetov,Wanted 
Michael Bay,The Rock 
Carlos Saldanha,Ice Age: The Meltdown 
Peter Segal,50 First Dates 
Adam Shankman,Hairspray 
Renny Harlin,Exorcist: The Beginning 
David Kellogg,Inspector Gadget 
Louis Leterrier,Now You See Me 
Dennis Dugan,Grown Ups 
Steven Spielberg,The Terminal 
,Constantine 
Thor Freudenthal,Hotel for Dogs 
Martin Campbell,Vertical Limit 
Mike Nichols,Charlie Wilson's War 
Bibo Bergeron,Shark Tale 
Bill Condon,Dreamgirls 
F. Gary Gray,Be Cool 
Steven Spielberg,Munich 
Antoine Fuqua,Tears of the Sun 
Robert Luketic,Killers 
Guy Ritchie,The Man from U.N.C.L.E. 
James L. Brooks,Spanglish 
Gil Kenan,Monster House 
Barry Levinson,Bandits 
Jerry Zucker,First Knight 
Andy Tennant,Anna and the King 
Tarsem Singh,Immortals 
Florent-Emilio Siri,Hostage 
Don Bluth,Titan A.E. 
Ron Shelton,Hollywood Homicide 
Paul W.S. Anderson,Soldier 
David Pastor,Carriers 
Henry Selick,Monkeybone 
John Moore,Flight of the Phoenix 
M. Night Shyamalan,Unbreakable 
Kyle Balda,Minions 
Zack Snyder,Sucker Punch 
Brian De Palma,Snake Eyes 
Barry Levinson,Sphere 
Clay Kaytis,The Angry Birds Movie 
Andy Tennant,Fool's Gold 
Judd Apatow,Funny People 
Peter Berg,The Kingdom 
Adam McKay,Talladega Nights: The Ballad of Ricky Bobby 
Steve Carr,Dr. Dolittle 2 
Mel Gibson,Braveheart 
Sam Mendes,Jarhead 
David Silverman,The Simpsons Movie 
Frank Darabont,The Majestic 
Renny Harlin,Driven 
Jean-Jacques Annaud,Two Brothers 
M. Night Shyamalan,The Village 
Betty Thomas,Doctor Dolittle 
M. Night Shyamalan,Signs 
Andrew Adamson,Shrek 2 
John Lasseter,Cars 
Garry Marshall,Runaway Bride 
Rob Cohen,xXx 
Paul Tibbitt,The SpongeBob Movie: Sponge Out of Water 
Ron Howard,Ransom 
Quentin Tarantino,Inglourious Basterds 
Steven Spielberg,Hook 
Brett Ratner,Hercules 
Renny Harlin,Die Hard 2 
Clark Johnson,S.W.A.T. 
Cameron Crowe,Vanilla Sky 
M. Night Shyamalan,Lady in the Water 
Paul W.S. Anderson,AVP: Alien vs. Predator 
Betty Thomas,Alvin and the Chipmunks: The Squeakquel 
Randall Wallace,We Were Soldiers 
Antoine Fuqua,Olympus Has Fallen 
Jonathan Frakes,Star Trek: Insurrection 
Jonathan Liebesman,Battle Los Angeles 
Tim Burton,Big Fish 
Mike Nichols,Wolf 
Steven Spielberg,War Horse 
George Clooney,The Monuments Men 
James Cameron,The Abyss 
Oliver Stone,Wall Street: Money Never Sleeps 
Gary Shore,Dracula Untold 
Edward Zwick,The Siege 
Matthew Vaughn,Stardust 
Jean-Jacques Annaud,Seven Years in Tibet 
Ron Howard,The Dilemma 
Joel Schumacher,Bad Company 
Andrzej Bartkowiak,Doom 
Betty Thomas,I Spy 
Måns Mårlind,Underworld: Awakening 
Adam Shankman,Rock of Ages 
Gregory Hoblit,Hart's War 
Gary McKendry,Killer Elite 
John McTiernan,Rollerball 
Wych Kaosayananda,Ballistic: Ecks vs. Sever 
Mikael Salomon,Hard Rain 
Bobby Farrelly,Osmosis Jones 
Will Finn,Legends of Oz: Dorothy's Return 
Michael Mann,Blackhat 
Kerry Conran,Sky Captain and the World of Tomorrow 
Michael Caton-Jones,Basic Instinct 2 
Mikael Håfström,Escape Plan 
Renny Harlin,The Legend of Hercules 
Phil Alden Robinson,The Sum of All Fears 
David Slade,The Twilight Saga: Eclipse 
Frank Oz,The Score 
Pierre Coffin,Despicable Me 
Joseph Ruben,Money Train 
Seth MacFarlane,Ted 2 
Alejandro Amenábar,Agora 
Kinka Usher,Mystery Men 
Bobby Farrelly,Hall Pass 
Michael Mann,The Insider 
Craig Gillespie,The Finest Hours 
Ridley Scott,Body of Lies 
Jay Roach,Dinner for Schmucks 
Timur Bekmambetov,Abraham Lincoln: Vampire Hunter 
Jon Amiel,Entrapment 
Rob Bowman,The X Files 
Doug Lefler,The Last Legion 
Steven Spielberg,Saving Private Ryan 
Scott Waugh,Need for Speed 
Nancy Meyers,What Women Want 
Chris Wedge,Ice Age 
Lawrence Kasdan,Dreamcatcher 
Steven Spielberg,Lincoln 
Lana Wachowski,The Matrix 
Ron Howard,Apollo 13 
Paul Verhoeven,Total Recall 
Michael Lembeck,The Santa Clause 2 
Tom Hooper,Les Misérables 
Nora Ephron,You've Got Mail 
Adam McKay,Step Brothers 
Martin Campbell,The Mask of Zorro 
Todd Phillips,Due Date 
Angelina Jolie Pitt,Unbroken 
Clint Eastwood,Space Cowboys 
Renny Harlin,Cliffhanger 
John Woo,Broken Arrow 
Jon Turteltaub,The Kid 
Oliver Stone,World Trade Center 
Mike Newell,Mona Lisa Smile 
Larry Charles,The Dictator 
Stanley Kubrick,Eyes Wide Shut 
Will Gluck,Annie 
Glenn Ficarra,Focus 
McG,This Means War 
David S. Goyer,Blade: Trinity 
John Milius,Red Dawn 
Mike Nichols,Primary Colors 
Paul W.S. Anderson,Resident Evil: Retribution 
Paul W.S. Anderson,Death Race 
Renny Harlin,The Long Kiss Goodnight 
Taylor Hackford,Proof of Life 
Jon Favreau,Zathura: A Space Adventure 
David Fincher,Fight Club 
McG,We Are Marshall 
Michael Lehmann,Hudson Hawk 
Nora Ephron,Lucky Numbers 
Stuart Beattie,"I, Frankenstein "
Roman Polanski,Oliver Twist 
Rob Bowman,Elektra 
Frank Miller,Sin City: A Dame to Kill For 
Sydney Pollack,Random Hearts 
Baltasar Kormákur,Everest 
Tom Tykwer,Perfume: The Story of a Murderer 
Jay Roach,Austin Powers in Goldmember 
David Bowers,Astro Boy 
Steven Spielberg,Jurassic Park 
Lawrence Kasdan,Wyatt Earp 
Phillip Noyce,Clear and Present Danger 
Daniel Lee,Dragon Blade 
Keenen Ivory Wayans,Littleman 
Jonathan Mostow,U-571 
Rob Reiner,The American President 
Marco Schnabel,The Love Guru 
Demian Lichtenstein,3000 Miles to Graceland 
Quentin Tarantino,The Hateful Eight 
Josh Gordon,Blades of Glory 
Tim Hill,Hop 
Zack Snyder,300 
Jay Roach,Meet the Fockers 
David Frankel,Marley & Me 
Frank Darabont,The Green Mile 
Walt Becker,Wild Hogs 
Mark Dindal,Chicken Little 
David Fincher,Gone Girl 
Doug Liman,The Bourne Identity 
Martin Campbell,GoldenEye 
Simon West,The General's Daughter 
Peter Weir,The Truman Show 
Brenda Chapman,The Prince of Egypt 
Steve Carr,Daddy Day Care 
Baltasar Kormákur,2 Guns 
Lawrence Guterman,Cats & Dogs 
F. Gary Gray,The Italian Job 
Marc Lawrence,Two Weeks Notice 
Eric Darnell,Antz 
Peter Billingsley,Couples Retreat 
Tony Scott,Days of Thunder 
Adam Shankman,Cheaper by the Dozen 2 
Wes Ball,The Scorch Trials 
Ryan Murphy,Eat Pray Love 
Brett Ratner,The Family Man 
Robert Schwentke,RED 
Oliver Stone,Any Given Sunday 
Robert Redford,The Horse Whisperer 
Michael Mann,Collateral 
Chuck Russell,The Scorpion King 
Jay Russell,Ladder 49 
Christopher McQuarrie,Jack Reacher 
Renny Harlin,Deep Blue Sea 
Kenny Ortega,This Is It 
Steven Soderbergh,Contagion 
David McNally,Kangaroo Jack 
Henry Selick,Coraline 
M. Night Shyamalan,The Happening 
Tony Scott,Man on Fire 
Brian Robbins,The Shaggy Dog 
Todd Phillips,Starsky & Hutch 
Brian Levant,Jingle All the Way 
Guillermo del Toro,Hellboy 
Steven Zaillian,A Civil Action 
Chris Butler,ParaNorman 
Michael Caton-Jones,The Jackal 
John Woo,Paycheck 
Jon Avnet,Up Close & Personal 
Sam Fell,The Tale of Despereaux 
Kevin Donovan,The Tuxedo 
Geoff Murphy,Under Siege 2: Dark Territory 
Kenneth Branagh,Jack Ryan: Shadow Recruit 
David O. Russell,Joy 
Babak Najafi,London Has Fallen 
Jean-Pierre Jeunet,Alien: Resurrection 
Antoine Fuqua,Shooter 
Graham Annable,The Boxtrolls 
Griffin Dunne,Practical Magic 
Phil Lord,The Lego Movie 
John Pasquin,Miss Congeniality 2: Armed and Fabulous 
Rob Bowman,Reign of Fire 
Ruben Fleischer,Gangster Squad 
Harold Ramis,Year One 
Clint Eastwood,Invictus 
Kevin Macdonald,State of Play 
Tony Gilroy,Duplicity 
Donald Petrie,My Favorite Martian 
Clark Johnson,The Sentinel 
Jorge Blanco,Planet 51 
Stuart Baird,Star Trek: Nemesis 
Joel Coen,Intolerable Cruelty 
Robert Lorenz,Trouble with the Curve 
Martin Campbell,Edge of Darkness 
Peter Hyams,The Relic 
Harold Ramis,Analyze That 
Jon Avnet,Righteous Kill 
Harold Becker,Mercury Rising 
Joe Wright,The Soloist 
Robert Redford,The Legend of Bagger Vance 
Cameron Crowe,Almost Famous 
Tim Hill,Garfield 2 
Lee Tamahori,xXx: State of the Union 
Scott Stewart,Priest 
Patrick Gilmore,Sinbad: Legend of the Seven Seas 
Paul W.S. Anderson,Event Horizon 
Joss Whedon,The Avengers 
Tom Shadyac,Dragonfly 
Brian De Palma,The Black Dahlia 
Tony Bill,Flyboys 
Rod Lurie,The Last Castle 
Walter Hill,Supernova 
Akiva Goldsman,Winter's Tale 
Harald Zwart,The Mortal Instruments: City of Bones 
Brian Robbins,Meet Dave 
Walter Salles,Dark Water 
Ron Howard,Edtv 
Iain Softley,Inkheart 
Frank Miller,The Spirit 
David Koepp,Mortdecai 
Uwe Boll,In the Name of the King: A Dungeon Siege Tale 
Martin Campbell,Beyond Borders 
Pou-Soi Cheang,Xi you ji zhi: Sun Wukong san da Baigu Jing 
John Dahl,The Great Raid 
Tim Miller,Deadpool 
Stephen Herek,Holy Man 
Clint Eastwood,American Sniper 
Rob Letterman,Goosebumps 
Mark Waters,Just Like Heaven 
Brian Levant,The Flintstones in Viva Rock Vegas 
Peter MacDonald,Rambo III 
George Clooney,Leatherheads 
Frank Coraci,The Ridiculous 6 
Marc Lawrence,Did You Hear About the Morgans? 
Shawn Levy,The Internship 
Paul W.S. Anderson,Resident Evil: Afterlife 
Anthony Hemingway,Red Tails 
,Sex and the City 
Taylor Hackford,The Devil's Advocate 
Sean Anders,That's My Boy 
Rob Cohen,DragonHeart 
Brett Ratner,After the Sunset 
Mark Neveldine,Ghost Rider: Spirit of Vengeance 
John Madden,Captain Corelli's Mandolin 
,Anger Management 
Adam Shankman,The Pacifier 
Kevin Bray,Walking Tall 
Robert Zemeckis,Forrest Gump 
Tim Hill,Alvin and the Chipmunks 
Jay Roach,Meet the Parents 
Mike Gabriel,Pocahontas 
Richard Donner,Superman 
Tom Shadyac,The Nutty Professor 
Andy Tennant,Hitch 
Sam Weisman,George of the Jungle 
Jesse Dylan,American Wedding 
Paul Greengrass,Captain Phillips 
Shawn Levy,Date Night 
Brad Silberling,Casper 
Antoine Fuqua,The Equalizer 
Wayne Wang,Maid in Manhattan 
Tony Scott,Crimson Tide 
Gabriele Muccino,The Pursuit of Happyness 
Robert Schwentke,Flightplan 
Barry Levinson,Disclosure 
Brad Silberling,City of Angels 
Quentin Tarantino,Kill Bill: Vol. 1 
Frank Oz,Bowfinger 
Quentin Tarantino,Kill Bill: Vol. 2 
Andrey Konchalovskiy,Tango & Cash 
Robert Zemeckis,Death Becomes Her 
Tom Dey,Shanghai Noon 
Stuart Baird,Executive Decision 
Mark Waters,Mr. Popper's Penguins 
Rob Minkoff,The Forbidden Kingdom 
Jimmy Hayward,Free Birds 
David Fincher,Alien 3 
Alan Parker,Evita 
John Frankenheimer,Ronin 
Stephen Hopkins,The Ghost and the Darkness 
Paul King,Paddington 
Akiva Schaffer,The Watch 
William Friedkin,The Hunted 
Jon Turteltaub,Instinct 
Bobby Farrelly,Stuck on You 
Kent Alterman,Semi-Pro 
Peter Lord,The Pirates! Band of Misfits 
Clint Eastwood,Changeling 
Andrew Davis,Chain Reaction 
Tony Scott,The Fan 
Joel Schumacher,The Phantom of the Opera 
Shekhar Kapur,Elizabeth: The Golden Age 
Karyn Kusama,Æon Flux 
Ron Maxwell,Gods and Generals 
Robert Butler,Turbulence 
Karey Kirkpatrick,Imagine That 
James Bobin,Muppets Most Wanted 
Jonathan Frakes,Thunderbirds 
Steve Antin,Burlesque 
Jean-Pierre Jeunet,A Very Long Engagement 
Stanley Kubrick,Lolita 
Jim Gillespie,Eye See You 
Guillermo del Toro,Blade II 
Gabriele Muccino,Seven Pounds 
Walter Hill,Bullet to the Head 
Francis Ford Coppola,The Godfather: Part III 
Cameron Crowe,Elizabethtown 
Anthony Russo,"You, Me and Dupree "
Richard Lester,Superman II 
Martin Brest,Gigli 
Steven Zaillian,All the King's Men 
John Singleton,Shaft 
Don Bluth,Anastasia 
Baz Luhrmann,Moulin Rouge! 
Harold Becker,Domestic Disturbance 
Scott Cooper,Black Mass 
Clint Eastwood,Flags of Our Fathers 
F. Gary Gray,Law Abiding Citizen 
Robert Rodriguez,Grindhouse 
Jonathan Demme,Beloved 
Curtis Hanson,Lucky You 
Steven Spielberg,Catch Me If You Can 
Kathryn Bigelow,Zero Dark Thirty 
Peyton Reed,The Break-Up 
Phyllida Lloyd,Mamma Mia! 
Garry Marshall,Valentine's Day 
Jay Chandrasekhar,The Dukes of Hazzard 
Terrence Malick,The Thin Red Line 
David Dobkin,The Change-Up 
Milos Forman,Man on the Moon 
Martin Scorsese,Casino 
Pierre Morel,From Paris with Love 
Paul Hunter,Bulletproof Monk 
Bobby Farrelly,"Me, Myself & Irene "
Steve Oedekerk,Barnyard 
John Whitesell,Deck the Halls 
Chris Weitz,The Twilight Saga: New Moon 
Andrew Adamson,Shrek 
George Nolfi,The Adjustment Bureau 
Kevin Reynolds,Robin Hood: Prince of Thieves 
Cameron Crowe,Jerry Maguire 
Seth MacFarlane,Ted 
James L. Brooks,As Good as It Gets 
Tom Shadyac,Patch Adams 
Adam McKay,Anchorman 2: The Legend Continues 
Steven Brill,Mr. Deeds 
J.J. Abrams,Super 8 
Steven Soderbergh,Erin Brockovich 
Donald Petrie,How to Lose a Guy in 10 Days 
Phil Lord,22 Jump Street 
Neil Jordan,Interview with the Vampire: The Vampire Chronicles 
Peyton Reed,Yes Man 
Rawson Marshall Thurber,Central Intelligence 
Chris Columbus,Stepmom 
Sean Anders,Daddy's Home 
Rob Marshall,Into the Woods 
Spike Lee,Inside Man 
Brian Helgeland,Payback 
Frank Marshall,Congo 
Cameron Crowe,We Bought a Zoo 
Alex Proyas,Knowing 
Tom Dey,Failure to Launch 
Hideo Nakata,The Ring Two 
Glenn Ficarra,"Crazy, Stupid, Love. "
Peter Hewitt,Garfield 
Joe Roth,Christmas with the Kranks 
Bennett Miller,Moneyball 
Wolfgang Petersen,Outbreak 
Jaume Collet-Serra,Non-Stop 
Andy Fickman,Race to Witch Mountain 
James McTeigue,V for Vendetta 
David Dobkin,Shanghai Knights 
Matthew O'Callaghan,Curious George 
Angela Robinson,Herbie Fully Loaded 
Gary Fleder,Don't Say a Word 
Tommy Wirkola,Hansel & Gretel: Witch Hunters 
Adrian Lyne,Unfaithful 
D.J. Caruso,I Am Number Four 
Stephen Gaghan,Syriana 
Michael Bay,13 Hours 
Jorge R. Gutiérrez,The Book of Life 
Richard Loncraine,Firewall 
Clint Eastwood,Absolute Power 
Ridley Scott,G.I. Jane 
David Fincher,The Game 
Christophe Gans,Silent Hill 
Howard Deutch,The Replacements 
Jon Hurwitz,American Reunion 
F. Gary Gray,The Negotiator 
Steven Quale,Into the Storm 
John Landis,Beverly Hills Cop III 
Joe Dante,Gremlins 2: The New Batch 
David Dobkin,The Judge 
Mimi Leder,The Peacemaker 
Alexander Witt,Resident Evil: Apocalypse 
Beeban Kidron,Bridget Jones: The Edge of Reason 
Carl Franklin,Out of Time 
Steven Seagal,On Deadly Ground 
Robert Rodriguez,The Adventures of Sharkboy and Lavagirl 3-D 
Danny Boyle,The Beach 
Garry Marshall,Raising Helen 
James McTeigue,Ninja Assassin 
Sam Raimi,For Love of the Game 
Andrew Bergman,Striptease 
Tom Dey,Marmaduke 
Clint Eastwood,Hereafter 
Barbet Schroeder,Murder by Numbers 
Richard Donner,Assassins 
Peter Webber,Hannibal Rising 
Rob Reiner,The Story of Us 
Andrew Niccol,The Host 
John McTiernan,Basic 
Clint Eastwood,Blood Work 
Tom Tykwer,The International 
John Carpenter,Escape from L.A. 
Brad Bird,The Iron Giant 
Wes Anderson,The Life Aquatic with Steve Zissou 
Gary Ross,Free State of Jones 
Alan Parker,The Life of David Gale 
Stephen Herek,Man of the House 
Jaume Collet-Serra,Run All Night 
David Cronenberg,Eastern Promises 
John Stockwell,Into the Blue 
Luc Besson,The Messenger: The Story of Joan of Arc 
David Gordon Green,Your Highness 
Jim Sheridan,Dream House 
Costa-Gavras,Mad City 
Patrick Read Johnson,Baby's Day Out 
Roland Joffé,The Scarlet Letter 
Doug Liman,Fair Game 
Tony Scott,Domino 
William Friedkin,Jade 
Mark Neveldine,Gamer 
Richard LaGravenese,Beautiful Creatures 
Danny DeVito,Death to Smoochy 
Ben Stiller,Zoolander 2 
George Armitage,The Big Bounce 
Mike Nichols,What Planet Are You From? 
Patrick Lussier,Drive Angry 
Andrzej Bartkowiak,Street Fighter: The Legend of Chun-Li 
James Wong,The One 
Renny Harlin,The Adventures of Ford Fairlane 
Richard Curtis,Pirate Radio 
Steven Soderbergh,Traffic 
Steven Spielberg,Indiana Jones and the Last Crusade 
Joe Wright,Anna Karenina 
Neill Blomkamp,Chappie 
Phillip Noyce,The Bone Collector 
David Fincher,Panic Room 
Chuck Bowman,The Tooth Fairy 
David O. Russell,Three Kings 
Daniel Espinosa,Child 44 
Jerry Zucker,Rat Race 
Iain Softley,K-PAX 
James Mangold,Kate & Leopold 
Harold Ramis,Bedazzled 
Francis Ford Coppola,The Cotton Club 
James Mangold,3:10 to Yuma 
Olivier Megaton,Taken 3 
Steven Soderbergh,Out of Sight 
Ben Stiller,The Cable Guy 
Deepa Mehta,Earth 
Warren Beatty,Dick Tracy 
John McTiernan,The Thomas Crown Affair 
Penny Marshall,Riding in Cars with Boys 
Ted Kotcheff,First Blood 
Andrei Tarkovsky,Solaris 
Paul Bolger,Happily N'Ever After 
Stephen Frears,Mary Reilly 
P.J. Hogan,My Best Friend's Wedding 
Joe Roth,America's Sweethearts 
Christopher Nolan,Insomnia 
Jonathan Frakes,Star Trek: First Contact 
Jimmy Hayward,Jonah Hex 
Edward Zwick,Courage Under Fire 
Tom Shadyac,Liar Liar 
Brad Furman,The Infiltrator 
Terence Young,Inchon 
Brian Levant,The Flintstones 
Olivier Megaton,Taken 2 
David Zucker,Scary Movie 3 
Donald Petrie,Miss Congeniality 
Eric Brevig,Journey to the Center of the Earth 
Garry Marshall,The Princess Diaries 2: Royal Engagement 
Alan J. Pakula,The Pelican Brief 
Joel Schumacher,The Client 
Rob Reiner,The Bucket List 
Phillip Noyce,Patriot Games 
Robert Luketic,Monster-in-Law 
Denis Villeneuve,Prisoners 
Antoine Fuqua,Training Day 
Dean Parisot,Galaxy Quest 
Keenen Ivory Wayans,Scary Movie 2 
James Bobin,The Muppets 
Stephen Norrington,Blade 
Thomas Carter,Coach Carter 
Roger Michell,Changing Lanes 
Luis Llosa,Anaconda 
David McNally,Coyote Ugly 
Richard Curtis,Love Actually 
John Lasseter,A Bug's Life 
Albert Hughes,From Hell 
Luis Llosa,The Specialist 
Ron Shelton,Tin Cup 
Melville Shavelson,"Yours, Mine and Ours "
Jesse Dylan,Kicking & Screaming 
Garth Jennings,The Hitchhiker's Guide to the Galaxy 
Joel Zwick,Fat Albert 
Russell Mulcahy,Resident Evil: Extinction 
Frank Coraci,Blended 
Wayne Wang,Last Holiday 
Curtis Hanson,The River Wild 
Frank Oz,The Indian in the Cupboard 
Oliver Stone,Savages 
David R. Ellis,Cellular 
Peter Howitt,Johnny English 
John A. Davis,The Ant Bully 
David Lynch,Dune 
Julie Taymor,Across the Universe 
Sam Mendes,Revolutionary Road 
Richard Donner,16 Blocks 
Mathieu Kassovitz,Babylon A.D. 
John Gray,The Glimmer Man 
Harold Ramis,Multiplicity 
John Schultz,Aliens in the Attic 
Sean Penn,The Pledge 
Susan Stroman,The Producers 
Pete Travis,Dredd 
Simon Wincer,The Phantom 
Billy Bob Thornton,All the Pretty Horses 
Oliver Stone,Nixon 
Roman Polanski,The Ghost Writer 
Stephen Sommers,Deep Rising 
Spike Lee,Miracle at St. Anna 
Yimou Zhang,Curse of the Golden Flower 
Danny Pang,Bangkok Dangerous 
Barry Sonnenfeld,Big Trouble 
Mike Newell,Love in the Time of Cholera 
George P. Cosmatos,Shadow Conspiracy 
Oliver Parker,Johnny English Reborn 
Lawrence Kasanoff,Foodfight! 
Ben Affleck,Argo 
Andrew Davis,The Fugitive 
Andy Tennant,The Bounty Hunter 
Barry Levinson,Sleepers 
George P. Cosmatos,Rambo: First Blood Part II 
Brian Gibson,The Juror 
Norman Ferguson,Pinocchio 
Michael Cimino,Heaven's Gate 
Len Wiseman,Underworld: Evolution 
Paul McGuigan,Victor Frankenstein 
Gus Van Sant,Finding Forrester 
Betty Thomas,28 Days 
Louis Leterrier,Unleashed 
Roger Kumble,The Sweetest Thing 
Sydney Pollack,The Firm 
Burr Steers,Charlie St. Cloud 
Simon West,The Mechanic 
Phil Lord,21 Jump Street 
Roger Michell,Notting Hill 
Peter Lord,Chicken Run 
John Hamburg,Along Came Polly 
Reginald Hudlin,Boomerang 
Paul Feig,The Heat 
Joseph L. Mankiewicz,Cleopatra 
Frank Coraci,Here Comes the Boom 
Carl Franklin,High Crimes 
Barbra Streisand,The Mirror Has Two Faces 
Mark Pellington,The Mothman Prophecies 
Larry Charles,Brüno 
John Glen,Licence to Kill 
Catherine Hardwicke,Red Riding Hood 
John Herzfeld,15 Minutes 
Annabel Jankel,Super Mario Bros. 
Andrew Niccol,Lord of War 
Yimou Zhang,Hero 
Julie Anne Robinson,One for the Money 
Evan Goldberg,The Interview 
Sngmoo Lee,The Warrior's Way 
Jean-Pierre Jeunet,Micmacs 
Curtis Hanson,8 Mile 
Jamel Debbouze,Animal Kingdom: Let's go Ape 
Brian Helgeland,A Knight's Tale 
Gordon Chan,The Medallion 
M. Night Shyamalan,The Sixth Sense 
Asger Leth,Man on a Ledge 
David Frankel,The Big Year 
John G. Avildsen,The Karate Kid 
David O. Russell,American Hustle 
Anne Fletcher,The Proposal 
Bruce Beresford,Double Jeopardy 
Robert Zemeckis,Back to the Future Part II 
Luc Besson,Lucy 
Sam Taylor-Johnson,Fifty Shades of Grey 
Robert Rodriguez,Spy Kids 3-D: Game Over 
Joel Schumacher,A Time to Kill 
Shawn Levy,Cheaper by the Dozen 
Peter Berg,Lone Survivor 
Penny Marshall,A League of Their Own 
James Wan,The Conjuring 2 
David Fincher,The Social Network 
Ken Kwapis,He's Just Not That Into You 
David Zucker,Scary Movie 4 
Wes Craven,Scream 3 
Robert Zemeckis,Back to the Future Part III 
Etan Cohen,Get Hard 
Francis Ford Coppola,Bram Stoker's Dracula 
Nora Ephron,Julie & Julia 
Brian Helgeland,42 
Anthony Minghella,The Talented Mr. Ripley 
Bobby Farrelly,Dumb and Dumber To 
Frank Marshall,Eight Below 
Nancy Meyers,The Intern 
Tim Story,Ride Along 2 
Michael Mann,The Last of the Mohicans 
Taylor Hackford,Ray 
Frank Miller,Sin City 